[{"id":501654,"reviewer":"stephen kirkley","date":"08-Mar-19","rating":5,"appId":"com.roku.remote","reviewId":858323,"comment":"App is wonderful. Few complaints about the hardware. Get newer hardware, and tv remote doesn't power on\/off.","stopwords_removal":"App wonderful. Few complaints hardware. Get newer hardware, tv remote power on\/off.","lemmatized_comment":"app be wonderful . few complaint about the hardware . get new hardware, and tv remote don't power on\/off.","length_words":22,"stopwords_removal_lemmatization":"app wonderful . few complaint hardware . get new hardware, tv remote power on\/off.","future":0,"past":0,"present_simple":3,"present_con":0,"sentiScore_pos":3,"sentiScore_neg":-2,"sentiScore":3,"stemmed":null,"fee":null,"title":null,"dataSource":"Data542_Dataset","label":"Feature"},{"id":580950,"reviewer":"Tim Dodge","date":"02-Apr-19","rating":1,"appId":"com.clearchannel.iheartradio.controller","reviewId":992963,"comment":"STOP WITH THE PURCHASE SPLASH SCREEN!!! I'm getting so tired of the iHeart app trying to upgrade to the paid for version... IT'S NOT HAPPENING! Make sure your play store settings require verification EVERY time for any purchase. This APP tries to jump to the purchase option every time it's opened. Over 100 times now I have told this app NO, but it won't stop.","stopwords_removal":"STOP WITH THE PURCHASE SPLASH SCREEN!!! I'm getting tired iHeart app trying upgrade paid version... IT'S NOT HAPPENING! Make sure play store settings require verification EVERY time purchase. This APP tries jump purchase option every time opened. Over 100 times I told app NO, stop.","lemmatized_comment":"stop with the purchase splash screen!!! i'm get so tire of the iheart app try to upgrade to the pay for version...it's not happen! make sure your play store setting require verification every time for any purchase . this app try to jump to the purchase option every time it's open . over 100 time now i have tell this app no, but it won't stop.","length_words":78,"stopwords_removal_lemmatization":"stop with the purchase splash screen!!! i'm get tire iheart app try upgrade pay version...it's not happen! make sure play store setting require verification every time purchase . this app try jump purchase option every time open . over 100 time i tell app no, stop.","future":0,"past":3,"present_simple":11,"present_con":3,"sentiScore_pos":2,"sentiScore_neg":-2,"sentiScore":-2,"stemmed":null,"fee":null,"title":null,"dataSource":"Data542_Dataset","label":"Feature"},{"id":24540,"reviewer":"Damien dagamer","date":"28-Mar-19","rating":3,"appId":"in.sweatco.app","reviewId":30074,"comment":"you can't use what you earn on Amazon or PayPal","stopwords_removal":"can't use earn Amazon PayPal","lemmatized_comment":"you can't use what you earn on amazon or paypal","length_words":11,"stopwords_removal_lemmatization":"can't use earn amazon paypal","future":0,"past":0,"present_simple":2,"present_con":0,"sentiScore_pos":1,"sentiScore_neg":-1,"sentiScore":-1,"stemmed":null,"fee":null,"title":null,"dataSource":"Data542_Dataset","label":"Feature"},{"id":594078,"reviewer":"Renee Newman","date":"13-Feb-19","rating":1,"appId":"com.amazon.dee.app","reviewId":1011081,"comment":"The UI is not laid out in a way that is intuitive, much like Alexa herself. You have to think creatively and ask your questions 4 different ways in order to find things. Finding podcasts should be much easier and have some ability to make a playlist. The search function in general is terrible and often causes the app to crash.","stopwords_removal":"The UI laid way intuitive, much like Alexa herself. You think creatively ask questions 4 different ways order find things. Finding podcasts much easier ability make playlist. The search function general terrible often causes app crash.","lemmatized_comment":"the ui be not lay out in a way that be intuitive, much like alexa herself . you have to think creatively and ask your question 4 different way in order to find thing . find podcast should be much easy and have some ability to make a playlist . the search function in general be terrible and often cause the app to crash.","length_words":66,"stopwords_removal_lemmatization":"the ui lay way intuitive, much like alexa herself . you think creatively ask question 4 different way order find thing . find podcast much easy ability make playlist . the search function general terrible often cause app crash.","future":0,"past":1,"present_simple":11,"present_con":0,"sentiScore_pos":2,"sentiScore_neg":-4,"sentiScore":-4,"stemmed":null,"fee":null,"title":null,"dataSource":"Data542_Dataset","label":"Feature"},{"id":536868,"reviewer":"satya giri","date":"02-Apr-19","rating":2,"appId":"com.google.android.apps.youtube.music","reviewId":917665,"comment":"background play is not available in free version,its better to use normal youtube instead of installing it.","stopwords_removal":"background play available free version,its better use normal youtube instead installing it.","lemmatized_comment":"background play be not available in free version, it good to use normal youtube instead of instal it.","length_words":20,"stopwords_removal_lemmatization":"background play available free version, it good use normal youtube instead instal it.","future":0,"past":0,"present_simple":2,"present_con":1,"sentiScore_pos":1,"sentiScore_neg":-1,"sentiScore":-1,"stemmed":null,"fee":null,"title":null,"dataSource":"Data542_Dataset","label":"Feature"},{"id":459893,"reviewer":"Lacey Lambert","date":"19-Mar-19","rating":2,"appId":"com.hulu.plus","reviewId":791306,"comment":"I do not like the new update as of 3\/19\/19. We are a strictly Hulu Live family. It has changed the shows we see to their line up (shows they are pushing) versus our previous lineup (shows we watch on a regular basis). We miss shows we would normally watch but we haven't added to ''my stuff '. Since we do not have cable, this has been a detrimental change for us.","stopwords_removal":"I like new update 3\/19\/19. We strictly Hulu Live family. It changed shows see line (shows pushing) versus previous lineup (shows watch regular basis). We miss shows would normally watch added ''my stuff '. Since cable, detrimental change us.","lemmatized_comment":"i do not like the new update a of 3\/19\/19 . we be a strictly hulu live family . it have change the show we see to their line up (show they be push) versus our previous lineup (show we watch on a regular basis). we miss show we would normally watch but we haven't add to``my stuff' . since we do not have cable, this have be a detrimental change for u.","length_words":84,"stopwords_removal_lemmatization":"i like new update 3\/19\/19 . we strictly hulu live family . it change show see line (show push) versus previous lineup (show watch regular basis). we miss show would normally watch add``my stuff' . since cable, detrimental change u.","future":0,"past":3,"present_simple":14,"present_con":1,"sentiScore_pos":2,"sentiScore_neg":-2,"sentiScore":-2,"stemmed":null,"fee":null,"title":null,"dataSource":"Data542_Dataset","label":"Feature"},{"id":447402,"reviewer":"Mari Tarasovich","date":"27-Mar-19","rating":4,"appId":"com.hulu.plus","reviewId":773328,"comment":"so far i am really enjoying this app. only thing i think could be improved is the kids tv section. lots of thr oddball shows not a lot of the ones my little grandson likes I","stopwords_removal":"far really enjoying app. thing think could improved kids tv section. lots thr oddball shows lot ones little grandson likes I","lemmatized_comment":"so far i be really enjoy this app . only thing i think could be improve be the kid tv section . lot of thr oddball show not a lot of the one my little grandson like i","length_words":38,"stopwords_removal_lemmatization":"far really enjoy app . thing think could improve kid tv section . lot thr oddball show lot one little grandson like i","future":0,"past":1,"present_simple":6,"present_con":1,"sentiScore_pos":4,"sentiScore_neg":-1,"sentiScore":4,"stemmed":null,"fee":null,"title":null,"dataSource":"Data542_Dataset","label":"Feature"},{"id":535016,"reviewer":"Jason Rudey","date":"25-Jan-19","rating":1,"appId":"com.google.android.apps.youtube.music","reviewId":915099,"comment":"Update the change log","stopwords_removal":"Update change log","lemmatized_comment":"update the change log","length_words":4,"stopwords_removal_lemmatization":"update change log","future":0,"past":0,"present_simple":0,"present_con":0,"sentiScore_pos":1,"sentiScore_neg":-1,"sentiScore":-1,"stemmed":null,"fee":null,"title":null,"dataSource":"Data542_Dataset","label":"Feature"},{"id":17138,"reviewer":"A Google User","date":"21-Mar-19","rating":1,"appId":"com.calm.android","reviewId":20519,"comment":"Very deceptive, not free at all. Please be honest and move to the section for apps that need to be paid for","stopwords_removal":"Very deceptive, free all. Please honest move section apps need paid","lemmatized_comment":"very deceptive, not free at all . please be honest and move to the section for apps that need to be pay for","length_words":24,"stopwords_removal_lemmatization":"very deceptive, free all . please honest move section apps need pay","future":0,"past":1,"present_simple":4,"present_con":0,"sentiScore_pos":2,"sentiScore_neg":-3,"sentiScore":-3,"stemmed":null,"fee":null,"title":null,"dataSource":"Data542_Dataset","label":"Feature"},{"id":664316,"reviewer":"lishatho wame matlhabaphiri","date":"14-Apr-19","rating":4,"appId":"com.soundcloud.android","reviewId":1124301,"comment":"This is a really good app despite that most songs are short.Other than that its performance its fine","stopwords_removal":"This really good app despite songs short.Other performance fine","lemmatized_comment":"this be a really good app despite that most song be short.other than that it performance it fine","length_words":18,"stopwords_removal_lemmatization":"this really good app despite song short.other performance fine","future":0,"past":0,"present_simple":2,"present_con":0,"sentiScore_pos":3,"sentiScore_neg":-1,"sentiScore":3,"stemmed":null,"fee":null,"title":null,"dataSource":"Data542_Dataset","label":"Feature"},{"id":131968,"reviewer":"Felix Schulz","date":"06-Jan-19","rating":1,"appId":"com.getsomeheadspace.android","reviewId":181409,"comment":"Even big players like Netflix or Spotify don't call monthly prices that high. And they offer muuuch more content. That's simply impudent!","stopwords_removal":"Even big players like Netflix Spotify call monthly prices high. And offer muuuch content. That's simply impudent!","lemmatized_comment":"even big player like netflix or spotify don't call monthly price that high . and they offer muuuch more content . that's simply impudent!","length_words":27,"stopwords_removal_lemmatization":"even big player like netflix spotify call monthly price high . and offer muuuch content . that's simply impudent!","future":0,"past":0,"present_simple":4,"present_con":0,"sentiScore_pos":2,"sentiScore_neg":-1,"sentiScore":2,"stemmed":null,"fee":null,"title":null,"dataSource":"Data542_Dataset","label":"Feature"},{"id":1113703,"reviewer":"A Google User","date":"31-Mar-19","rating":5,"appId":"com.europosit.pixelcoloring","reviewId":1834848,"comment":"I really love this app. I play it every day. But over time I noticed that it uses a lot of battery. Please fix that somehow? Also, please consider that not everyone lives in the northern hemisphere!","stopwords_removal":"I really love app. I play every day. But time I noticed uses lot battery. Please fix somehow? Also, please consider everyone lives northern hemisphere!","lemmatized_comment":"i really love this app . i play it every day . but over time i notice that it use a lot of battery . please fix that somehow? also, please consider that not everyone live in the northern hemisphere!","length_words":43,"stopwords_removal_lemmatization":"i really love app . i play every day . but time i notice use lot battery . please fix somehow? also, please consider everyone live northern hemisphere!","future":0,"past":1,"present_simple":7,"present_con":0,"sentiScore_pos":4,"sentiScore_neg":-1,"sentiScore":4,"stemmed":null,"fee":null,"title":null,"dataSource":"Data542_Dataset","label":"Feature"},{"id":54420,"reviewer":"esperanza morales","date":"31-Mar-19","rating":3,"appId":"com.sec.android.app.shealth","reviewId":75743,"comment":"I love it but it needs more in food variety I can't find a lot of the food that I eat. home made and restaurants around me. I have to search online then add it to my app.","stopwords_removal":"I love needs food variety I can't find lot food I eat. home made restaurants around me. I search online add app.","lemmatized_comment":"i love it but it need more in food variety i can't find a lot of the food that i eat . home make and restaurant around me . i have to search online then add it to my app.","length_words":42,"stopwords_removal_lemmatization":"i love need food variety i can't find lot food i eat . home make restaurant around me . i search online add app.","future":0,"past":1,"present_simple":7,"present_con":0,"sentiScore_pos":3,"sentiScore_neg":-1,"sentiScore":3,"stemmed":null,"fee":null,"title":null,"dataSource":"Data542_Dataset","label":"Feature"},{"id":852281,"reviewer":"TM Siddiqui","date":"03-Mar-19","rating":1,"appId":"com.venmo","reviewId":1410013,"comment":"They don't allow you to use a google voice number.","stopwords_removal":"They allow use google voice number.","lemmatized_comment":"they don't allow you to use a google voice number.","length_words":12,"stopwords_removal_lemmatization":"they allow use google voice number.","future":0,"past":0,"present_simple":3,"present_con":0,"sentiScore_pos":1,"sentiScore_neg":-1,"sentiScore":-1,"stemmed":null,"fee":null,"title":null,"dataSource":"Data542_Dataset","label":"Feature"},{"id":289566,"reviewer":"catboy6785 brookshire","date":"24-Feb-19","rating":5,"appId":"com.fpsshooter.battleroyale","reviewId":472577,"comment":"they need to fix the tanks shots","stopwords_removal":"need fix tanks shots","lemmatized_comment":"they need to fix the tank shot","length_words":7,"stopwords_removal_lemmatization":"need fix tank shot","future":0,"past":0,"present_simple":2,"present_con":0,"sentiScore_pos":1,"sentiScore_neg":-1,"sentiScore":-1,"stemmed":null,"fee":null,"title":null,"dataSource":"Data542_Dataset","label":"Feature"},{"id":1000089,"reviewer":"A Google User","date":"27-Feb-19","rating":1,"appId":"com.propel.ebenefits","reviewId":1634702,"comment":"i want to be able to have access to my mail and i cant this app suck","stopwords_removal":"want able access mail cant app suck","lemmatized_comment":"i want to be able to have access to my mail and i cant this app suck","length_words":17,"stopwords_removal_lemmatization":"want able access mail cant app suck","future":0,"past":0,"present_simple":3,"present_con":0,"sentiScore_pos":1,"sentiScore_neg":-2,"sentiScore":-2,"stemmed":null,"fee":null,"title":null,"dataSource":"Data542_Dataset","label":"Feature"},{"id":676338,"reviewer":"A Google User","date":"16-Mar-19","rating":5,"appId":"com.microblink.photomath","reviewId":1145554,"comment":"Awesoommmmeee app i love but he can't fix word problems","stopwords_removal":"Awesoommmmeee app love can't fix word problems","lemmatized_comment":"awesoommmmeee app i love but he can't fix word problem","length_words":11,"stopwords_removal_lemmatization":"awesoommmmeee app love can't fix word problem","future":0,"past":0,"present_simple":1,"present_con":0,"sentiScore_pos":3,"sentiScore_neg":-2,"sentiScore":3,"stemmed":null,"fee":null,"title":null,"dataSource":"Data542_Dataset","label":"Feature"},{"id":522216,"reviewer":"Jobins Puthiyaparambil\u00e4\u00f3\u00eb","date":"17-Apr-19","rating":1,"appId":"com.amazon.avod.thirdpartyclient","reviewId":896220,"comment":"India is a country with immense linguistic diversity. Most of us doesn't understand more than two or three languages. Amazon prime video app is not considering the fact and tries to push all videos in all languages to subscriber's stream. It's kind of annoying because some preferred videos missing in the mess. Amazon should learn from Hotstar which allows user to select their preferred language(s).","stopwords_removal":"India country immense linguistic diversity. Most us understand two three languages. Amazon prime video app considering fact tries push videos languages subscriber's stream. It's kind annoying preferred videos missing mess. Amazon learn Hotstar allows user select preferred language(s).","lemmatized_comment":"india be a country with immense linguistic diversity . most of u don't understand more than two or three language . amazon prime video app be not consider the fact and try to push all video in all language to subscriber's stream . it's kind of annoy because some prefer video miss in the mess . amazon should learn from hotstar which allow user to select their prefer language (s).","length_words":76,"stopwords_removal_lemmatization":"india country immense linguistic diversity . most u understand two three language . amazon prime video app consider fact try push video language subscriber's stream . it's kind annoy prefer video miss mess . amazon learn hotstar allow user select prefer language (s).","future":0,"past":0,"present_simple":10,"present_con":2,"sentiScore_pos":2,"sentiScore_neg":-3,"sentiScore":-3,"stemmed":null,"fee":null,"title":null,"dataSource":"Data542_Dataset","label":"Feature"},{"id":135165,"reviewer":"A Google User","date":"07-Dec-18","rating":3,"appId":"com.getsomeheadspace.android","reviewId":185231,"comment":"All the meditation segments are the same","stopwords_removal":"All meditation segments","lemmatized_comment":"all the meditation segment be the same","length_words":7,"stopwords_removal_lemmatization":"all meditation segment","future":0,"past":0,"present_simple":1,"present_con":0,"sentiScore_pos":1,"sentiScore_neg":-1,"sentiScore":-1,"stemmed":null,"fee":null,"title":null,"dataSource":"Data542_Dataset","label":"Feature"},{"id":979704,"reviewer":"Patrice Flores","date":"14-Apr-19","rating":2,"appId":"com.infonow.bofa","reviewId":1600844,"comment":"Keep it simple. The old bill pay was superior. Erica is not needed. I use the app for banking, not to be entertained. I want quick access to my data, do simple transactions and that's it. Please don't add dancing cows next update.","stopwords_removal":"Keep simple. The old bill pay superior. Erica needed. I use app banking, entertained. I want quick access data, simple transactions that's it. Please add dancing cows next update.","lemmatized_comment":"keep it simple . the old bill pay be superior . erica be not need . i use the app for bank, not to be entertain . i want quick access to my data, do simple transaction and that's it . please don't add dance cow next update.","length_words":53,"stopwords_removal_lemmatization":"keep simple . the old bill pay superior . erica need . i use app bank, entertain . i want quick access data, simple transaction that's it . please add dance cow next update.","future":0,"past":3,"present_simple":10,"present_con":0,"sentiScore_pos":3,"sentiScore_neg":-1,"sentiScore":3,"stemmed":null,"fee":null,"title":null,"dataSource":"Data542_Dataset","label":"Feature"},{"id":639590,"reviewer":"Brando L\u00ed_pez","date":"22-Mar-19","rating":4,"appId":"com.apple.android.music","reviewId":1083184,"comment":"This app is doing well. What I like you to implement is the possibility of casting through Chromecast, and set a timer.","stopwords_removal":"This app well. What I like implement possibility casting Chromecast, set timer.","lemmatized_comment":"this app be do well . what i like you to implement be the possibility of cast through chromecast, and set a timer.","length_words":25,"stopwords_removal_lemmatization":"this app well . what i like implement possibility cast chromecast, set timer.","future":0,"past":1,"present_simple":4,"present_con":2,"sentiScore_pos":2,"sentiScore_neg":-1,"sentiScore":2,"stemmed":null,"fee":null,"title":null,"dataSource":"Data542_Dataset","label":"Feature"},{"id":1064950,"reviewer":"A Google User","date":"11-Jan-19","rating":5,"appId":"com.turborocketgames.wildcraft","reviewId":1760204,"comment":"Awesome But There are Rake, Rule, Spawncode,Kelly And i heard its 2 more! Its really creepy please do a anti hack thing","stopwords_removal":"Awesome But There Rake, Rule, Spawncode,Kelly And heard 2 more! Its really creepy please anti hack thing","lemmatized_comment":"awesome but there be rake, rule, spawncode, kelly and i hear it 2 more! it really creepy please do a anti hack thing","length_words":27,"stopwords_removal_lemmatization":"awesome but there rake, rule, spawncode, kelly and hear 2 more! it really creepy please anti hack thing","future":0,"past":1,"present_simple":3,"present_con":0,"sentiScore_pos":3,"sentiScore_neg":-2,"sentiScore":3,"stemmed":null,"fee":null,"title":null,"dataSource":"Data542_Dataset","label":"Feature"},{"id":1070370,"reviewer":"A Google User","date":"09-Mar-19","rating":5,"appId":"com.turborocketgames.wildcraft","reviewId":1766949,"comment":"I love the graphics, game play and everything else! I just wish it's wasn't so hard to change animal. Can you also please add more animals to be? Maybe a zebra? An African update! OooooooOoooOoooOooooOoooOooOoOOOooooo that would be so cool! Also, I got a bunch of cool accessories on my account but then my phone broke and i was locked out of my account. Its been a while now, I can't even remember my username","stopwords_removal":"I love graphics, game play everything else! I wish hard change animal. Can also please add animals be? Maybe zebra? An African update! OooooooOoooOoooOooooOoooOooOoOOOooooo would cool! Also, I got bunch cool accessories account phone broke locked account. Its now, I can't even remember username","lemmatized_comment":"i love the graphic, game play and everything else! i just wish it's ben't so hard to change animal . can you also please add more animal to be? maybe a zebra? an african update! ooooooooooooooooooooooooooooooooooooo that would be so cool! also, i get a bunch of cool accessory on my account but then my phone break and i be lock out of my account . it be a while now, i can't even remember my username","length_words":88,"stopwords_removal_lemmatization":"i love graphic, game play everything else! i wish hard change animal . can also please add animal be? maybe zebra? an african update! ooooooooooooooooooooooooooooooooooooo would cool! also, i get bunch cool accessory account phone break lock account . it now, i can't even remember username","future":0,"past":6,"present_simple":10,"present_con":0,"sentiScore_pos":3,"sentiScore_neg":-2,"sentiScore":3,"stemmed":null,"fee":null,"title":null,"dataSource":"Data542_Dataset","label":"Feature"},{"id":365236,"reviewer":"troy owens","date":"30-Mar-19","rating":2,"appId":"com.samsung.android.oneconnect","reviewId":611671,"comment":"the selection of smart home devices pale in comparison to Google Assistant. Please add Eufy and Geeni products to smart home functionality for 5 stars.","stopwords_removal":"selection smart home devices pale comparison Google Assistant. Please add Eufy Geeni products smart home functionality 5 stars.","lemmatized_comment":"the selection of smart home device pale in comparison to google assistant . please add eufy and geeni product to smart home functionality for 5 star.","length_words":27,"stopwords_removal_lemmatization":"selection smart home device pale comparison google assistant . please add eufy geeni product smart home functionality 5 star.","future":0,"past":0,"present_simple":2,"present_con":0,"sentiScore_pos":2,"sentiScore_neg":-1,"sentiScore":2,"stemmed":null,"fee":null,"title":null,"dataSource":"Data542_Dataset","label":"Feature"},{"id":406868,"reviewer":"James Bendernagel","date":"10-Apr-19","rating":3,"appId":"notes.notebook.memo.pad.color.notepad.locker","reviewId":687787,"comment":"good app. they need to improve the way the notes are catagorized. it would be nice if you could create sub folders instead of just have all the notes on one page and have to sift through them.","stopwords_removal":"good app. need improve way notes catagorized. would nice could create sub folders instead notes one page sift them.","lemmatized_comment":"good app . they need to improve the way the note be catagorized . it would be nice if you could create sub folder instead of just have all the note on one page and have to sift through them.","length_words":41,"stopwords_removal_lemmatization":"good app . need improve way note catagorized . would nice could create sub folder instead note one page sift them.","future":0,"past":1,"present_simple":8,"present_con":0,"sentiScore_pos":2,"sentiScore_neg":-1,"sentiScore":2,"stemmed":null,"fee":null,"title":null,"dataSource":"Data542_Dataset","label":"Feature"},{"id":1043015,"reviewer":"Krunoslav Hrnjak","date":"24-Mar-19","rating":1,"appId":"com.google.android.apps.youtube.kids","reviewId":1712329,"comment":"aaaa stop bugging with rate me on store","stopwords_removal":"aaaa stop bugging rate store","lemmatized_comment":"aaaa stop bug with rate me on store","length_words":8,"stopwords_removal_lemmatization":"aaaa stop bug rate store","future":0,"past":0,"present_simple":0,"present_con":1,"sentiScore_pos":2,"sentiScore_neg":-1,"sentiScore":2,"stemmed":null,"fee":null,"title":null,"dataSource":"Data542_Dataset","label":"Feature"},{"id":453716,"reviewer":"Kayli Williams","date":"03-Feb-19","rating":3,"appId":"com.hulu.plus","reviewId":782441,"comment":"why would you take of the Divergent Series....u shiuld have some type of warning saying that movies are leaving soon or something...that made me rly mad","stopwords_removal":"would take Divergent Series....u shiuld type warning saying movies leaving soon something...that made rly mad","lemmatized_comment":"why would you take of the divergent series....u shiuld have some type of warn say that movie be leave soon or something...that make me rly mad","length_words":30,"stopwords_removal_lemmatization":"would take divergent series....u shiuld type warn say movie leave soon something...that make rly mad","future":0,"past":1,"present_simple":3,"present_con":3,"sentiScore_pos":1,"sentiScore_neg":-2,"sentiScore":-2,"stemmed":null,"fee":null,"title":null,"dataSource":"Data542_Dataset","label":"Feature"},{"id":98595,"reviewer":"Elizabeth Vitkov","date":"23-Mar-19","rating":2,"appId":"com.fitbit.FitbitMobile","reviewId":139363,"comment":"\"female\" tracking feels like afterthought the calendar to track menstruation is buggy. the drag and drop period calendar is hard to use. doesn't always drop where you put it. and the \"symptoms\" they list are too few. nausea? back pain? what if you want to add a note? or your own symptoms? nope. there are many better apps for this. also can you change the black background on the watch? I haven't figured out how to. my husband's samsung watch has tons of backgrounds. the app is almost useless.","stopwords_removal":"\"female\" tracking feels like afterthought calendar track menstruation buggy. drag drop period calendar hard use. always drop put it. \"symptoms\" list few. nausea? back pain? want add note? symptoms? nope. many better apps this. also change black background watch? I figured to. husband's samsung watch tons backgrounds. app almost useless.","lemmatized_comment":"\\\" female\"track feel like afterthought the calendar to track menstruation be buggy . the drag and drop period calendar be hard to use . don't always drop where you put it . and the``symptom\"they list be too few . nausea? back pain? what if you want to add a note? or your own symptom? nope . there be many good apps for this . also can you change the black background on the watch? i haven't figure out how to . my husband's samsung watch have ton of background . the app be almost useless.","length_words":110,"stopwords_removal_lemmatization":"\\\" female\"track feel like afterthought calendar track menstruation buggy . drag drop period calendar hard use . always drop put it .``symptom\"list few . nausea? back pain? want add note? symptom? nope . many good apps this . also change black background watch? i figure to . husband's samsung watch ton background . app almost useless.","future":0,"past":1,"present_simple":17,"present_con":1,"sentiScore_pos":2,"sentiScore_neg":-4,"sentiScore":-4,"stemmed":null,"fee":null,"title":null,"dataSource":"Data542_Dataset","label":"Feature"},{"id":629,"reviewer":"grigorean evelina","date":"27-Mar-19","rating":1,"appId":"com.calm.android","reviewId":748,"comment":"one sound for free version.. you have to give some more to make me buy the rest..waste of time","stopwords_removal":"one sound free version.. give make buy rest..waste time","lemmatized_comment":"one sound for free version.. you have to give some more to make me buy the rest..waste of time","length_words":19,"stopwords_removal_lemmatization":"one sound free version.. give make buy rest..waste time","future":0,"past":0,"present_simple":4,"present_con":0,"sentiScore_pos":1,"sentiScore_neg":-2,"sentiScore":-2,"stemmed":null,"fee":null,"title":null,"dataSource":"Data542_Dataset","label":"Feature"},{"id":698764,"reviewer":"Debra Noe","date":"23-Jan-19","rating":5,"appId":"com.remind101","reviewId":1176476,"comment":"said they will stop servicing verizon customers- works great for our class so hope they don't!","stopwords_removal":"said stop servicing verizon customers- works great class hope don't!","lemmatized_comment":"say they will stop service verizon customers- work great for our class so hope they don't!","length_words":18,"stopwords_removal_lemmatization":"say stop service verizon customers- work great class hope don't!","future":1,"past":1,"present_simple":2,"present_con":1,"sentiScore_pos":3,"sentiScore_neg":-1,"sentiScore":3,"stemmed":null,"fee":null,"title":null,"dataSource":"Data542_Dataset","label":"Feature"},{"id":1067067,"reviewer":"wolf cave in","date":"05-Jan-19","rating":3,"appId":"com.turborocketgames.wildcraft","reviewId":1762842,"comment":"i like it but there needs to be more land and time like fall and spring or like the big pine forests and rocky mountins","stopwords_removal":"like needs land time like fall spring like big pine forests rocky mountins","lemmatized_comment":"i like it but there need to be more land and time like fall and spring or like the big pine forest and rocky mountins","length_words":25,"stopwords_removal_lemmatization":"like need land time like fall spring like big pine forest rocky mountins","future":0,"past":0,"present_simple":3,"present_con":0,"sentiScore_pos":2,"sentiScore_neg":-1,"sentiScore":2,"stemmed":null,"fee":null,"title":null,"dataSource":"Data542_Dataset","label":"Feature"},{"id":613702,"reviewer":"Nona Pic","date":"18-Apr-19","rating":4,"appId":"com.amazon.mp3","reviewId":1042054,"comment":"I pay for Amazon prime,& this app is supposed to be free,with my prime. well it's free, I can download music,but then it starts \"blocking\" various songs I have ,& require me to pay for the unlimited version in order to receive the music, so basically it only gives you the music for a short time,then deletes it if you dont upgrade! Not happy!!","stopwords_removal":"I pay Amazon prime,& app supposed free,with prime. well free, I download music,but starts \"blocking\" various songs I ,& require pay unlimited version order receive music, basically gives music short time,then deletes dont upgrade! Not happy!!","lemmatized_comment":"i pay for amazon prime, & this app be suppose to be free, with my prime . well it's free, i can download music, but then it start``block\"various song i have, & require me to pay for the unlimited version in order to receive the music, so basically it only give you the music for a short time, then delete it if you dont upgrade! not happy!!","length_words":82,"stopwords_removal_lemmatization":"i pay amazon prime, & app suppose free, with prime . well free, i download music, but start``block\"various song i, & require pay unlimited version order receive music, basically give music short time, then delete dont upgrade! not happy!!","future":0,"past":1,"present_simple":13,"present_con":1,"sentiScore_pos":1,"sentiScore_neg":-3,"sentiScore":-3,"stemmed":null,"fee":null,"title":null,"dataSource":"Data542_Dataset","label":"Feature"},{"id":375376,"reviewer":"JavaScript Vuejs","date":"22-Mar-19","rating":1,"appId":"io.faceapp","reviewId":629901,"comment":"Almost everything is locked.","stopwords_removal":"Almost everything locked.","lemmatized_comment":"almost everything be lock.","length_words":5,"stopwords_removal_lemmatization":"almost everything lock.","future":0,"past":1,"present_simple":1,"present_con":0,"sentiScore_pos":1,"sentiScore_neg":-1,"sentiScore":-1,"stemmed":null,"fee":null,"title":null,"dataSource":"Data542_Dataset","label":"Feature"},{"id":942552,"reviewer":"Chris K","date":"02-Apr-19","rating":4,"appId":"com.chase.sig.android","reviewId":1549992,"comment":"Good app overall, easy to navigate and has lots of useful info regarding your accounts. I would like to see them add a running tab of the balance next to the purchases and payments though.","stopwords_removal":"Good app overall, easy navigate lots useful info regarding accounts. I would like see add running tab balance next purchases payments though.","lemmatized_comment":"good app overall, easy to navigate and have lot of useful info regard your account . i would like to see them add a run tab of the balance next to the purchase and payment though.","length_words":38,"stopwords_removal_lemmatization":"good app overall, easy navigate lot useful info regard account . i would like see add run tab balance next purchase payment though.","future":0,"past":0,"present_simple":5,"present_con":2,"sentiScore_pos":2,"sentiScore_neg":-1,"sentiScore":2,"stemmed":null,"fee":null,"title":null,"dataSource":"Data542_Dataset","label":"Feature"},{"id":1098984,"reviewer":null,"date":"17-Feb-19","rating":5,"appId":"com.tocaboca.tocakitchen2","reviewId":1808166,"comment":"umm I think that you could add more peole on and my complain is that you cant make a sandwich and a cake it would be cool if you could do that onto my complain it takes alot of stuf on your phone to download this app but the app isent even important my 3rd complain is it take a long time download this app","stopwords_removal":"umm I think could add peole complain cant make sandwich cake would cool could onto complain takes alot stuf phone download app app isent even important 3rd complain take long time download app","lemmatized_comment":"umm i think that you could add more peole on and my complain be that you cant make a sandwich and a cake it would be cool if you could do that onto my complain it take alot of stuf on your phone to download this app but the app isent even important my 3rd complain be it take a long time download this app","length_words":65,"stopwords_removal_lemmatization":"umm i think could add peole complain cant make sandwich cake would cool could onto complain take alot stuf phone download app app isent even important 3rd complain take long time download app","future":0,"past":0,"present_simple":15,"present_con":0,"sentiScore_pos":2,"sentiScore_neg":-2,"sentiScore":-2,"stemmed":null,"fee":null,"title":null,"dataSource":"Data542_Dataset","label":"Feature"},{"id":805254,"reviewer":"Cindy","date":"01-Jan-18","rating":1,"appId":"org.pbskids.video","reviewId":1334930,"comment":"Reason why was because no Thomas and friends plenty of people still like Thomas my little we be so sad now unless u change it now me and my family won't be viewers at anymore","stopwords_removal":"Reason Thomas friends plenty people still like Thomas little sad unless u change family viewers anymore","lemmatized_comment":"reason why be because no thomas and friend plenty of people still like thomas my little we be so sad now unless u change it now me and my family won't be viewer at anymore","length_words":36,"stopwords_removal_lemmatization":"reason thomas friend plenty people still like thomas little sad unless u change family viewer anymore","future":0,"past":1,"present_simple":2,"present_con":0,"sentiScore_pos":2,"sentiScore_neg":-4,"sentiScore":-4,"stemmed":null,"fee":null,"title":null,"dataSource":"Data542_Dataset","label":"Feature"},{"id":886733,"reviewer":"A Google User","date":"12-Mar-19","rating":1,"appId":"com.squareup.cash","reviewId":1460084,"comment":"why the hell do we need a unique cashtag to set up an account??","stopwords_removal":"hell need unique cashtag set account??","lemmatized_comment":"why the hell do we need a unique cashtag to set up an account??","length_words":16,"stopwords_removal_lemmatization":"hell need unique cashtag set account??","future":0,"past":0,"present_simple":3,"present_con":0,"sentiScore_pos":1,"sentiScore_neg":-2,"sentiScore":-2,"stemmed":null,"fee":null,"title":null,"dataSource":"Data542_Dataset","label":"Feature"},{"id":477816,"reviewer":"Victor Delmuro","date":"28-Nov-18","rating":5,"appId":"com.bydeluxe.d3.android.program.starz","reviewId":820140,"comment":"Just needs a little more movies to one of the best","stopwords_removal":"Just needs little movies one best","lemmatized_comment":"just need a little more movie to one of the best","length_words":11,"stopwords_removal_lemmatization":"just need little movie one best","future":0,"past":0,"present_simple":1,"present_con":0,"sentiScore_pos":2,"sentiScore_neg":-1,"sentiScore":2,"stemmed":null,"fee":null,"title":null,"dataSource":"Data542_Dataset","label":"Feature"},{"id":594633,"reviewer":"Miroslav Tuka","date":"06-Mar-19","rating":1,"appId":"com.amazon.dee.app","reviewId":1011862,"comment":"Amazon tried to showe much down my throat. it used to be great now it's trying to be something more than it is. ni i don't want you to be my default \"assistant\". no I don't want a random remix of the song because you have some stupid contract. Just let me serch music well and control the echo and fire well and that's it. it's so bad now I am uninstalling. so there you wanted more of the share of market now you get none. this war for information is getting sad. AWS has everything already. stop it","stopwords_removal":"Amazon tried showe much throat. used great trying something is. ni want default \"assistant\". I want random remix song stupid contract. Just let serch music well control echo fire well that's it. bad I uninstalling. wanted share market get none. war information getting sad. AWS everything already. stop","lemmatized_comment":"amazon try to showe much down my throat . it use to be great now it's try to be something more than it be . ni i don't want you to be my default``assistant\". no i don't want a random remix of the song because you have some stupid contract . just let me serch music well and control the echo and fire well and that's it . it's so bad now i be uninstalling . so there you want more of the share of market now you get none . this war for information be get sad . aws have everything already . stop it","length_words":115,"stopwords_removal_lemmatization":"amazon try showe much throat . use great try something be . ni want default``assistant\". i want random remix song stupid contract . just let serch music well control echo fire well that's it . bad i uninstalling . want share market get none . war information get sad . aws everything already . stop","future":0,"past":3,"present_simple":22,"present_con":3,"sentiScore_pos":3,"sentiScore_neg":-4,"sentiScore":-4,"stemmed":null,"fee":null,"title":null,"dataSource":"Data542_Dataset","label":"Feature"},{"id":133956,"reviewer":"Clarisse Efstratiou","date":"20-Jan-19","rating":4,"appId":"com.getsomeheadspace.android","reviewId":183792,"comment":"Great app but i dont like the fact that there is a 9.99$ yearly student subscription only for US students. The regular prices are kind of high. Of course I understand the importance of mindfulness in one's life but younger adults usually won't be able to afford this range of prices.","stopwords_removal":"Great app dont like fact 9.99$ yearly student subscription US students. The regular prices kind high. Of course I understand importance mindfulness one's life younger adults usually able afford range prices.","lemmatized_comment":"great app but i dont like the fact that there be a 9.99 $yearly student subscription only for u student . the regular price be kind of high . of course i understand the importance of mindfulness in one's life but young adult usually won't be able to afford this range of price.","length_words":57,"stopwords_removal_lemmatization":"great app dont like fact 9.99 $yearly student subscription u student . the regular price kind high . of course i understand importance mindfulness one's life young adult usually able afford range price.","future":0,"past":0,"present_simple":5,"present_con":0,"sentiScore_pos":3,"sentiScore_neg":-2,"sentiScore":3,"stemmed":null,"fee":null,"title":null,"dataSource":"Data542_Dataset","label":"Feature"},{"id":1034378,"reviewer":"Saurabh JP","date":"18-Mar-19","rating":3,"appId":"com.google.android.apps.youtube.kids","reviewId":1690837,"comment":"The app is really nice. Is there any way to select language? I want my kid to watch only videos only in English","stopwords_removal":"The app really nice. Is way select language? I want kid watch videos English","lemmatized_comment":"the app be really nice . be there any way to select language? i want my kid to watch only video only in english","length_words":25,"stopwords_removal_lemmatization":"the app really nice . be way select language? i want kid watch video english","future":0,"past":0,"present_simple":4,"present_con":0,"sentiScore_pos":3,"sentiScore_neg":-1,"sentiScore":3,"stemmed":null,"fee":null,"title":null,"dataSource":"Data542_Dataset","label":"Feature"},{"id":210946,"reviewer":"A Google User","date":"17-Feb-19","rating":1,"appId":"com.clement.ballmayhem","reviewId":311599,"comment":"0\/5 stars. Gameplay is bad and after update. have to win 5 in a row to progress. Friendly AI doesnt do anything so if the enemy gets passed you, the player, you're done and you get set back one match of the five. Even when you get a boost the enemy is just barely fast enough to get to the endzone before you can tackle him. I feel like they made it harder so you lose more frequently so you have to watch more ads. Even though you have to watch an ad after every TD already anyways. Do not recommend","stopwords_removal":"0\/5 stars. Gameplay bad update. win 5 row progress. Friendly AI doesnt anything enemy gets passed you, player, done get set back one match five. Even get boost enemy barely fast enough get endzone tackle him. I feel like made harder lose frequently watch ads. Even though watch ad every TD already anyways. Do recommend","lemmatized_comment":"0\/5 star . gameplay be bad and after update . have to win 5 in a row to progress . friendly ai doesnt do anything so if the enemy get pas you, the player, you're do and you get set back one match of the five . even when you get a boost the enemy be just barely fast enough to get to the endzone before you can tackle him . i feel like they make it hard so you lose more frequently so you have to watch more ad . even though you have to watch an ad after every td already anyways . do not recommend","length_words":111,"stopwords_removal_lemmatization":"0\/5 star . gameplay bad update . win 5 row progress . friendly ai doesnt anything enemy get pas you, player, do get set back one match five . even get boost enemy barely fast enough get endzone tackle him . i feel like make hard lose frequently watch ad . even though watch ad every td already anyways . do recommend","future":0,"past":4,"present_simple":21,"present_con":0,"sentiScore_pos":2,"sentiScore_neg":-2,"sentiScore":-2,"stemmed":null,"fee":null,"title":null,"dataSource":"Data542_Dataset","label":"Feature"},{"id":636806,"reviewer":"Vishal Jain","date":"18-Feb-19","rating":4,"appId":"com.apple.android.music","reviewId":1079763,"comment":"Please bring share to instagram story as well","stopwords_removal":"Please bring share instagram story well","lemmatized_comment":"please bring share to instagram story a well","length_words":8,"stopwords_removal_lemmatization":"please bring share instagram story well","future":0,"past":0,"present_simple":1,"present_con":0,"sentiScore_pos":2,"sentiScore_neg":-1,"sentiScore":2,"stemmed":null,"fee":null,"title":null,"dataSource":"Data542_Dataset","label":"Feature"},{"id":804084,"reviewer":"A Google User","date":"15-Aug-17","rating":5,"appId":"org.pbskids.video","reviewId":1333153,"comment":"It's great, got lots of shows, 5 stars","stopwords_removal":"It's great, got lots shows, 5 stars","lemmatized_comment":"it's great, get lot of show , 5 star","length_words":11,"stopwords_removal_lemmatization":"it's great, get lot show , 5 star","future":0,"past":1,"present_simple":1,"present_con":0,"sentiScore_pos":3,"sentiScore_neg":-1,"sentiScore":3,"stemmed":null,"fee":null,"title":null,"dataSource":"Data542_Dataset","label":"Not_Feature"},{"id":869576,"reviewer":"A Google User","date":"23-Mar-15","rating":5,"appId":"gov.irs","reviewId":1436222,"comment":"Teacher Used the app to check on the status of my return. Information was received and processed quickly. I received my money exactly a week after filing.","stopwords_removal":"Teacher Used app check status return. Information received processed quickly. I received money exactly week filing.","lemmatized_comment":"teacher use the app to check on the status of my return . information be receive and process quickly . i receive my money exactly a week after file.","length_words":30,"stopwords_removal_lemmatization":"teacher use app check status return . information receive process quickly . i receive money exactly week file.","future":0,"past":5,"present_simple":1,"present_con":0,"sentiScore_pos":1,"sentiScore_neg":-1,"sentiScore":-1,"stemmed":null,"fee":null,"title":null,"dataSource":"Data542_Dataset","label":"Not_Feature"},{"id":425433,"reviewer":null,"date":"19-Mar-19","rating":1,"appId":"com.google.android.play.games","reviewId":726513,"comment":"It was enjoyable and educative a good one.","stopwords_removal":"It enjoyable educative good one.","lemmatized_comment":"it be enjoyable and educative a good one.","length_words":9,"stopwords_removal_lemmatization":"it enjoyable educative good one.","future":0,"past":1,"present_simple":0,"present_con":0,"sentiScore_pos":3,"sentiScore_neg":-1,"sentiScore":3,"stemmed":null,"fee":null,"title":null,"dataSource":"Data542_Dataset","label":"Not_Feature"},{"id":855228,"reviewer":"Linda Logan","date":"05-Mar-19","rating":5,"appId":"com.venmo","reviewId":1414907,"comment":"great way to send or receive money","stopwords_removal":"great way send receive money","lemmatized_comment":"great way to send or receive money","length_words":7,"stopwords_removal_lemmatization":"great way send receive money","future":0,"past":0,"present_simple":2,"present_con":0,"sentiScore_pos":3,"sentiScore_neg":-1,"sentiScore":3,"stemmed":null,"fee":null,"title":null,"dataSource":"Data542_Dataset","label":"Not_Feature"},{"id":1010397,"reviewer":"Valerie P","date":"10-Mar-19","rating":2,"appId":"com.love.poly.puzzle.game","reviewId":1653018,"comment":"the amount of ads is ridiculous.","stopwords_removal":"amount ads ridiculous.","lemmatized_comment":"the amount of ad be ridiculous.","length_words":7,"stopwords_removal_lemmatization":"amount ad ridiculous.","future":0,"past":0,"present_simple":1,"present_con":0,"sentiScore_pos":1,"sentiScore_neg":-3,"sentiScore":-3,"stemmed":null,"fee":null,"title":null,"dataSource":"Data542_Dataset","label":"Not_Feature"},{"id":371997,"reviewer":"A Google User","date":"12-Mar-19","rating":1,"appId":"com.ghost.sibyl","reviewId":622804,"comment":"you can't do anything without having to pay 25 dollars a month! I only gave this app 1 star.","stopwords_removal":"can't anything without pay 25 dollars month! I gave app 1 star.","lemmatized_comment":"you can't do anything without have to pay 25 dollar a month! i only give this app 1 star.","length_words":22,"stopwords_removal_lemmatization":"can't anything without pay 25 dollar month! i give app 1 star.","future":0,"past":1,"present_simple":2,"present_con":1,"sentiScore_pos":1,"sentiScore_neg":-1,"sentiScore":-1,"stemmed":null,"fee":null,"title":null,"dataSource":"Data542_Dataset","label":"Not_Feature"},{"id":329345,"reviewer":null,"date":"17-Mar-19","rating":5,"appId":"com.life360.android.safetymapd","reviewId":552731,"comment":"its very awsome it works try it if you got kids with phones. #love this app!!!! just enter the your google account and your in!!!!!!!!!!!","stopwords_removal":"awsome works try got kids phones. #love app!!!! enter google account in!!!!!!!!!!!","lemmatized_comment":"it very awsome it work try it if you get kid with phone . #love this app!!!! just enter the your google account and your in!!!!!!!!!!!","length_words":42,"stopwords_removal_lemmatization":"awsome work try get kid phone . #love app!!!! enter google account in!!!!!!!!!!!","future":0,"past":1,"present_simple":4,"present_con":0,"sentiScore_pos":2,"sentiScore_neg":-1,"sentiScore":2,"stemmed":null,"fee":null,"title":null,"dataSource":"Data542_Dataset","label":"Not_Feature"},{"id":39450,"reviewer":"A Google User","date":"03-Mar-19","rating":1,"appId":"in.sweatco.app","reviewId":51284,"comment":"i don't trust this","stopwords_removal":"trust","lemmatized_comment":"i don't trust this","length_words":5,"stopwords_removal_lemmatization":"trust","future":0,"past":0,"present_simple":2,"present_con":0,"sentiScore_pos":1,"sentiScore_neg":-2,"sentiScore":-2,"stemmed":null,"fee":null,"title":null,"dataSource":"Data542_Dataset","label":"Not_Feature"},{"id":49400,"reviewer":"Patrick","date":"20-Feb-19","rating":1,"appId":"com.sec.android.app.shealth","reviewId":67380,"comment":"Unreliable! cannot find samsung wearable when connected by bluetooth to a samsung phone thats found by Galaxy Wearable app so its working. reset\/reinstall dont help.","stopwords_removal":"Unreliable! cannot find samsung wearable connected bluetooth samsung phone thats found Galaxy Wearable app working. reset\/reinstall dont help.","lemmatized_comment":"unreliable! cannot find samsung wearable when connect by bluetooth to a samsung phone thats find by galaxy wearable app so it work . reset\/reinstall dont help.","length_words":29,"stopwords_removal_lemmatization":"unreliable! cannot find samsung wearable connect bluetooth samsung phone thats find galaxy wearable app work . reset\/reinstall dont help.","future":0,"past":2,"present_simple":1,"present_con":0,"sentiScore_pos":1,"sentiScore_neg":-2,"sentiScore":-2,"stemmed":null,"fee":null,"title":null,"dataSource":"Data542_Dataset","label":"Not_Feature"},{"id":989583,"reviewer":"Janice Slaughter","date":"27-Feb-19","rating":1,"appId":"com.propel.ebenefits","reviewId":1617401,"comment":"want let me download the app cant get it all","stopwords_removal":"want let download app cant get","lemmatized_comment":"want let me download the app cant get it all","length_words":10,"stopwords_removal_lemmatization":"want let download app cant get","future":0,"past":0,"present_simple":4,"present_con":0,"sentiScore_pos":1,"sentiScore_neg":-1,"sentiScore":-1,"stemmed":null,"fee":null,"title":null,"dataSource":"Data542_Dataset","label":"Not_Feature"},{"id":467257,"reviewer":"arlen sauer,Sr","date":"20-Mar-19","rating":5,"appId":"com.tubitv","reviewId":803060,"comment":"I have very good experience with tubi I really do appreciate them","stopwords_removal":"I good experience tubi I really appreciate","lemmatized_comment":"i have very good experience with tubi i really do appreciate them","length_words":12,"stopwords_removal_lemmatization":"i good experience tubi i really appreciate","future":0,"past":0,"present_simple":3,"present_con":0,"sentiScore_pos":3,"sentiScore_neg":-1,"sentiScore":3,"stemmed":null,"fee":null,"title":null,"dataSource":"Data542_Dataset","label":"Not_Feature"},{"id":582627,"reviewer":"Sean Quinlan","date":"02-Feb-19","rating":1,"appId":"com.amazon.dee.app","reviewId":995381,"comment":"Without a doubt, the most confusing app ive ever used in my life. Amazon must have literally no design staff to launch something this obtuse and irrelevant for the task at hand. The most basic of tasks like changing wifi settings are impossible to find. Its constantly explaining how to do the most complex tasks i have no interest in using my echo to perform and leaves the important tasks indescribably hard. Terrible in every sense. The update for formalized what was already completely trash.","stopwords_removal":"Without doubt, confusing app ive ever used life. Amazon must literally design staff launch something obtuse irrelevant task hand. The basic tasks like changing wifi settings impossible find. Its constantly explaining complex tasks interest using echo perform leaves important tasks indescribably hard. Terrible every sense. The update formalized already completely trash.","lemmatized_comment":"without a doubt, the most confuse app ive ever use in my life . amazon must have literally no design staff to launch something this obtuse and irrelevant for the task at hand . the most basic of task like change wifi setting be impossible to find . it constantly explain how to do the most complex task i have no interest in use my echo to perform and leave the important task indescribably hard . terrible in every sense . the update for formalize what be already completely trash.","length_words":92,"stopwords_removal_lemmatization":"without doubt, confuse app ive ever use life . amazon must literally design staff launch something obtuse irrelevant task hand . the basic task like change wifi setting impossible find . it constantly explain complex task interest use echo perform leave important task indescribably hard . terrible every sense . the update formalize already completely trash.","future":0,"past":3,"present_simple":10,"present_con":3,"sentiScore_pos":2,"sentiScore_neg":-4,"sentiScore":-4,"stemmed":null,"fee":null,"title":null,"dataSource":"Data542_Dataset","label":"Not_Feature"},{"id":799770,"reviewer":"A Google User","date":"29-Apr-16","rating":5,"appId":"org.pbskids.video","reviewId":1326673,"comment":"PBS Kids Great app.","stopwords_removal":"PBS Kids Great app.","lemmatized_comment":"pb kid great app.","length_words":5,"stopwords_removal_lemmatization":"pb kid great app.","future":0,"past":0,"present_simple":0,"present_con":0,"sentiScore_pos":3,"sentiScore_neg":-1,"sentiScore":3,"stemmed":null,"fee":null,"title":null,"dataSource":"Data542_Dataset","label":"Not_Feature"},{"id":368863,"reviewer":null,"date":"08-Mar-19","rating":1,"appId":"com.ghost.sibyl","reviewId":617650,"comment":"terrible you have to pay for its just a scam","stopwords_removal":"terrible pay scam","lemmatized_comment":"terrible you have to pay for it just a scam","length_words":10,"stopwords_removal_lemmatization":"terrible pay scam","future":0,"past":0,"present_simple":2,"present_con":0,"sentiScore_pos":1,"sentiScore_neg":-4,"sentiScore":-4,"stemmed":null,"fee":null,"title":null,"dataSource":"Data542_Dataset","label":"Not_Feature"},{"id":14474,"reviewer":"Victoria Renee Foster","date":"03-Mar-19","rating":5,"appId":"com.calm.android","reviewId":17297,"comment":"Amazing! Normally I don't go for meditation apps because most are fake or don't work for me. As many times as I saw the ad on Facebook I can say, without a doubt, best app I've ever gotten!","stopwords_removal":"Amazing! Normally I go meditation apps fake work me. As many times I saw ad Facebook I say, without doubt, best app I've ever gotten!","lemmatized_comment":"amaze! normally i don't go for meditation apps because most be fake or don't work for me . a many time a i saw the ad on facebook i can say, without a doubt, best app i've ever get!","length_words":46,"stopwords_removal_lemmatization":"amaze! normally i go meditation apps fake work me . a many time i saw ad facebook i say, without doubt, best app i've ever get!","future":0,"past":2,"present_simple":7,"present_con":0,"sentiScore_pos":3,"sentiScore_neg":-2,"sentiScore":3,"stemmed":null,"fee":null,"title":null,"dataSource":"Data542_Dataset","label":"Not_Feature"},{"id":852532,"reviewer":null,"date":"06-Mar-19","rating":1,"appId":"com.venmo","reviewId":1410436,"comment":"they stole 900 dollars from me","stopwords_removal":"stole 900 dollars","lemmatized_comment":"they steal 900 dollar from me","length_words":6,"stopwords_removal_lemmatization":"steal 900 dollar","future":0,"past":1,"present_simple":0,"present_con":0,"sentiScore_pos":1,"sentiScore_neg":-2,"sentiScore":-2,"stemmed":null,"fee":null,"title":null,"dataSource":"Data542_Dataset","label":"Not_Feature"},{"id":231119,"reviewer":"A Google User","date":"25-Mar-19","rating":5,"appId":"com.geishatokyo.snowballio","reviewId":344898,"comment":"Fun and challenging game!","stopwords_removal":"Fun challenging game!","lemmatized_comment":"fun and challenge game!","length_words":5,"stopwords_removal_lemmatization":"fun challenge game!","future":0,"past":0,"present_simple":0,"present_con":0,"sentiScore_pos":2,"sentiScore_neg":-1,"sentiScore":2,"stemmed":null,"fee":null,"title":null,"dataSource":"Data542_Dataset","label":"Not_Feature"},{"id":1025199,"reviewer":"A Google User","date":"14-Apr-19","rating":5,"appId":"com.roblox.client","reviewId":1676616,"comment":"ban the oders now!","stopwords_removal":"ban oders now!","lemmatized_comment":"ban the oder now!","length_words":5,"stopwords_removal_lemmatization":"ban oder now!","future":0,"past":0,"present_simple":1,"present_con":0,"sentiScore_pos":1,"sentiScore_neg":-1,"sentiScore":-1,"stemmed":null,"fee":null,"title":null,"dataSource":"Data542_Dataset","label":"Not_Feature"},{"id":748742,"reviewer":"Tatum Tinnel","date":"05-Dec-18","rating":4,"appId":"com.classdojo.android","reviewId":1248077,"comment":"Great source of communication","stopwords_removal":"Great source communication","lemmatized_comment":"great source of communication","length_words":4,"stopwords_removal_lemmatization":"great source communication","future":0,"past":0,"present_simple":0,"present_con":0,"sentiScore_pos":3,"sentiScore_neg":-2,"sentiScore":3,"stemmed":null,"fee":null,"title":null,"dataSource":"Data542_Dataset","label":"Not_Feature"},{"id":174840,"reviewer":"Dana","date":"28-Feb-19","rating":1,"appId":"com.cvs.launchers.cvs","reviewId":247933,"comment":"trying to pull up card. sick buying cold med n it forces me to update app.no option for later","stopwords_removal":"trying pull card. sick buying cold med n forces update app.no option later","lemmatized_comment":"try to pull up card . sick buy cold med n it force me to update app.no option for late","length_words":20,"stopwords_removal_lemmatization":"try pull card . sick buy cold med n force update app.no option late","future":0,"past":1,"present_simple":3,"present_con":1,"sentiScore_pos":1,"sentiScore_neg":-2,"sentiScore":-2,"stemmed":null,"fee":null,"title":null,"dataSource":"Data542_Dataset","label":"Not_Feature"},{"id":1068956,"reviewer":"A Google User","date":"16-Jan-19","rating":5,"appId":"com.turborocketgames.wildcraft","reviewId":1765187,"comment":"this is very very super good game","stopwords_removal":"super good game","lemmatized_comment":"this be very very super good game","length_words":7,"stopwords_removal_lemmatization":"super good game","future":0,"past":0,"present_simple":1,"present_con":0,"sentiScore_pos":4,"sentiScore_neg":-1,"sentiScore":4,"stemmed":null,"fee":null,"title":null,"dataSource":"Data542_Dataset","label":"Not_Feature"},{"id":457978,"reviewer":"Jason","date":"11-Apr-19","rating":1,"appId":"com.hulu.plus","reviewId":788441,"comment":"Absolute trash. I've been a member for a little over a year and the best it can do %90+ of the time is 480p. We have a 400 Mbps connection, no other devices using the account, nothing hogging bandwidth in the bkg. Hulu is the only app doing this too. I also had to dl this on mobile because there's no way to review an app on Android TV. It's too bad I can't post screenshots of the atrocious picture quality I'm always getting.","stopwords_removal":"Absolute trash. I've member little year best %90+ time 480p. We 400 Mbps connection, devices using account, nothing hogging bandwidth bkg. Hulu app too. I also dl mobile there's way review app Android TV. It's bad I can't post screenshots atrocious picture quality I'm always getting.","lemmatized_comment":"absolute trash . i've be a member for a little over a year and the best it can do% 90+ of the time be 480p . we have a 400 mbps connection, no other device use the account, nothing hog bandwidth in the bkg . hulu be the only app do this too . i also have to dl this on mobile because there's no way to review an app on android tv . it's too bad i can't post screenshots of the atrocious picture quality i'm always get.","length_words":98,"stopwords_removal_lemmatization":"absolute trash . i've member little year best% 90+ time 480p . we 400 mbps connection, device use account, nothing hog bandwidth bkg . hulu app too . i also dl mobile there's way review app android tv . it's bad i can't post screenshots atrocious picture quality i'm always get.","future":0,"past":2,"present_simple":11,"present_con":4,"sentiScore_pos":2,"sentiScore_neg":-4,"sentiScore":-4,"stemmed":null,"fee":null,"title":null,"dataSource":"Data542_Dataset","label":"Not_Feature"},{"id":111651,"reviewer":"Jim Amick","date":"09-Apr-19","rating":5,"appId":"com.fitbit.FitbitMobile","reviewId":156606,"comment":"App is great!","stopwords_removal":"App great!","lemmatized_comment":"app be great!","length_words":4,"stopwords_removal_lemmatization":"app great!","future":0,"past":0,"present_simple":1,"present_con":0,"sentiScore_pos":3,"sentiScore_neg":-1,"sentiScore":3,"stemmed":null,"fee":null,"title":null,"dataSource":"Data542_Dataset","label":"Not_Feature"},{"id":368698,"reviewer":"KvsK #7","date":"11-Mar-19","rating":5,"appId":"com.ghost.sibyl","reviewId":617411,"comment":"this made me see how i look when im old","stopwords_removal":"made see look im old","lemmatized_comment":"this make me see how i look when im old","length_words":10,"stopwords_removal_lemmatization":"make see look im old","future":0,"past":1,"present_simple":2,"present_con":0,"sentiScore_pos":1,"sentiScore_neg":-1,"sentiScore":-1,"stemmed":null,"fee":null,"title":null,"dataSource":"Data542_Dataset","label":"Not_Feature"},{"id":201364,"reviewer":"Christopher Gilbert","date":"05-Mar-19","rating":5,"appId":"com.clement.ballmayhem","reviewId":295756,"comment":"because you can be a super player","stopwords_removal":"super player","lemmatized_comment":"because you can be a super player","length_words":7,"stopwords_removal_lemmatization":"super player","future":0,"past":0,"present_simple":1,"present_con":0,"sentiScore_pos":3,"sentiScore_neg":-1,"sentiScore":3,"stemmed":null,"fee":null,"title":null,"dataSource":"Data542_Dataset","label":"Not_Feature"},{"id":826496,"reviewer":"Rolanda Smith","date":"02-Feb-19","rating":5,"appId":"com.quizlet.quizletandroid","reviewId":1364503,"comment":"Really helping me prep for CPACE","stopwords_removal":"Really helping prep CPACE","lemmatized_comment":"really help me prep for cpace","length_words":6,"stopwords_removal_lemmatization":"really help prep cpace","future":0,"past":0,"present_simple":1,"present_con":1,"sentiScore_pos":1,"sentiScore_neg":-1,"sentiScore":-1,"stemmed":null,"fee":null,"title":null,"dataSource":"Data542_Dataset","label":"Not_Feature"},{"id":190176,"reviewer":null,"date":"04-Mar-19","rating":3,"appId":"com.h8games.helixjump","reviewId":273766,"comment":"soft to play","stopwords_removal":"soft play","lemmatized_comment":"soft to play","length_words":3,"stopwords_removal_lemmatization":"soft play","future":0,"past":0,"present_simple":1,"present_con":0,"sentiScore_pos":1,"sentiScore_neg":-1,"sentiScore":-1,"stemmed":null,"fee":null,"title":null,"dataSource":"Data542_Dataset","label":"Not_Feature"},{"id":341013,"reviewer":"Arijit Modak","date":"22-Feb-19","rating":1,"appId":"com.google.android.apps.chromecast.app","reviewId":570789,"comment":"Evry minute the divice is getting disconnected, this wasnt before, plz resolve the matter","stopwords_removal":"Evry minute divice getting disconnected, wasnt before, plz resolve matter","lemmatized_comment":"evry minute the divice be get disconnect, this wasnt before, plz resolve the matter","length_words":16,"stopwords_removal_lemmatization":"evry minute divice get disconnect, wasnt before, plz resolve matter","future":0,"past":1,"present_simple":2,"present_con":1,"sentiScore_pos":2,"sentiScore_neg":-1,"sentiScore":2,"stemmed":null,"fee":null,"title":null,"dataSource":"Data542_Dataset","label":"Not_Feature"},{"id":129299,"reviewer":"A Google User","date":"13-Mar-19","rating":1,"appId":"com.getsomeheadspace.android","reviewId":178219,"comment":"This app was so ridiculously over price, that i simply cannit afford it. The first three introductions weren't very good. every now and then, the teacher would lose focus and talk about some random fact about what famous people said about meditating. its like, um... NO! I want to MEDITATE, not write a school report on it","stopwords_removal":"This app ridiculously price, simply cannit afford it. The first three introductions good. every then, teacher would lose focus talk random fact famous people said meditating. like, um... NO! I want MEDITATE, write school report","lemmatized_comment":"this app be so ridiculously over price, that i simply cannit afford it . the first three introduction ben't very good . every now and then, the teacher would lose focus and talk about some random fact about what famous people say about meditate . it like, um...no! i want to meditate, not write a school report on it","length_words":67,"stopwords_removal_lemmatization":"this app ridiculously price, simply cannit afford it . the first three introduction good . every then, teacher would lose focus talk random fact famous people say meditate . like, um...no! i want meditate, write school report","future":0,"past":3,"present_simple":5,"present_con":1,"sentiScore_pos":3,"sentiScore_neg":-3,"sentiScore":-3,"stemmed":null,"fee":null,"title":null,"dataSource":"Data542_Dataset","label":"Not_Feature"},{"id":517484,"reviewer":"Shyam Raj","date":"11-Apr-19","rating":5,"appId":"com.amazon.avod.thirdpartyclient","reviewId":886526,"comment":"yes it was amazing. all the films are in X ray. I like that condition. this was also useful for buying things. I like the payment due that is 129 RS per month. we can experience so many movies. all the movies are in HD I like this.","stopwords_removal":"yes amazing. films X ray. I like condition. also useful buying things. I like payment due 129 RS per month. experience many movies. movies HD I like this.","lemmatized_comment":"yes it be amaze . all the film be in x ray . i like that condition . this be also useful for buy thing . i like the payment due that be 129 r per month . we can experience so many movie . all the movie be in hd i like this.","length_words":55,"stopwords_removal_lemmatization":"yes amaze . film x ray . i like condition . also useful buy thing . i like payment due 129 r per month . experience many movie . movie hd i like this.","future":0,"past":2,"present_simple":6,"present_con":1,"sentiScore_pos":3,"sentiScore_neg":-1,"sentiScore":3,"stemmed":null,"fee":null,"title":null,"dataSource":"Data542_Dataset","label":"Not_Feature"},{"id":327233,"reviewer":"Chelsea Peterson","date":"13-Mar-19","rating":5,"appId":"com.life360.android.safetymapd","reviewId":549306,"comment":"Great app! Unpaid version is pretty basic but serves all the purposes I require.","stopwords_removal":"Great app! Unpaid version pretty basic serves purposes I require.","lemmatized_comment":"great app! unpaid version be pretty basic but serve all the purpose i require.","length_words":16,"stopwords_removal_lemmatization":"great app! unpaid version pretty basic serve purpose i require.","future":0,"past":0,"present_simple":3,"present_con":0,"sentiScore_pos":3,"sentiScore_neg":-1,"sentiScore":3,"stemmed":null,"fee":null,"title":null,"dataSource":"Data542_Dataset","label":"Not_Feature"},{"id":200883,"reviewer":"coolmanman29 richardson","date":"03-Mar-19","rating":3,"appId":"com.clement.ballmayhem","reviewId":295012,"comment":"it is a great game just too many ads like I can't play a game without seeing one","stopwords_removal":"great game many ads like I can't play game without seeing one","lemmatized_comment":"it be a great game just too many ad like i can't play a game without see one","length_words":19,"stopwords_removal_lemmatization":"great game many ad like i can't play game without see one","future":0,"past":0,"present_simple":2,"present_con":1,"sentiScore_pos":3,"sentiScore_neg":-1,"sentiScore":3,"stemmed":null,"fee":null,"title":null,"dataSource":"Data542_Dataset","label":"Not_Feature"},{"id":63168,"reviewer":"A Google User","date":"17-Feb-19","rating":4,"appId":"losebellyfat.flatstomach.absworkout.fatburning","reviewId":89946,"comment":"have not tried it but im willing to","stopwords_removal":"tried im willing","lemmatized_comment":"have not try it but im will to","length_words":8,"stopwords_removal_lemmatization":"try im will","future":0,"past":1,"present_simple":1,"present_con":0,"sentiScore_pos":1,"sentiScore_neg":-1,"sentiScore":-1,"stemmed":null,"fee":null,"title":null,"dataSource":"Data542_Dataset","label":"Not_Feature"},{"id":63888,"reviewer":"Sydnee Harms","date":"22-Feb-19","rating":5,"appId":"losebellyfat.flatstomach.absworkout.fatburning","reviewId":91106,"comment":"Super easy to use and follow!","stopwords_removal":"Super easy use follow!","lemmatized_comment":"super easy to use and follow!","length_words":7,"stopwords_removal_lemmatization":"super easy use follow!","future":0,"past":0,"present_simple":2,"present_con":0,"sentiScore_pos":3,"sentiScore_neg":-1,"sentiScore":3,"stemmed":null,"fee":null,"title":null,"dataSource":"Data542_Dataset","label":"Not_Feature"},{"id":588321,"reviewer":null,"date":"02-Mar-19","rating":5,"appId":"com.amazon.dee.app","reviewId":1003408,"comment":"Best app ever, I got my new alexa and this helped a bunch!","stopwords_removal":"Best app ever, I got new alexa helped bunch!","lemmatized_comment":"best app ever, i get my new alexa and this help a bunch!","length_words":15,"stopwords_removal_lemmatization":"best app ever, i get new alexa help bunch!","future":0,"past":2,"present_simple":0,"present_con":0,"sentiScore_pos":2,"sentiScore_neg":-1,"sentiScore":2,"stemmed":null,"fee":null,"title":null,"dataSource":"Data542_Dataset","label":"Not_Feature"},{"id":406135,"reviewer":"earl matthews","date":"30-Jan-19","rating":5,"appId":"notes.notebook.memo.pad.color.notepad.locker","reviewId":686431,"comment":"The option are amazing!","stopwords_removal":"The option amazing!","lemmatized_comment":"the option be amaze!","length_words":5,"stopwords_removal_lemmatization":"the option amaze!","future":0,"past":0,"present_simple":1,"present_con":0,"sentiScore_pos":3,"sentiScore_neg":-1,"sentiScore":3,"stemmed":null,"fee":null,"title":null,"dataSource":"Data542_Dataset","label":"Not_Feature"},{"id":189926,"reviewer":"Methul Atapattu Arachchi","date":"07-Mar-19","rating":5,"appId":"com.h8games.helixjump","reviewId":273271,"comment":"Bunnings and simulator server your one","stopwords_removal":"Bunnings simulator server one","lemmatized_comment":"bunnings and simulator server your one","length_words":6,"stopwords_removal_lemmatization":"bunnings simulator server one","future":0,"past":0,"present_simple":0,"present_con":0,"sentiScore_pos":1,"sentiScore_neg":-1,"sentiScore":-1,"stemmed":null,"fee":null,"title":null,"dataSource":"Data542_Dataset","label":"Not_Feature"},{"id":113544,"reviewer":"John G. Sandgren","date":"10-Apr-19","rating":1,"appId":"com.fitbit.FitbitMobile","reviewId":159136,"comment":"Might as well be a charm bracelet. The app keeps telling me my password is incorrect but I can log in on my computer with it. Tried restarting my phone, password, uninstalling then reinstalling the app and I still can't get logged in on my phone. It was working well until the last update but now it's kinda useless and customer support is even more useless. I'll revise if they can get it working again but otherwise I'm demanding my money back and going with one of their many competitors.","stopwords_removal":"Might well charm bracelet. The app keeps telling password incorrect I log computer it. Tried restarting phone, password, uninstalling reinstalling app I still can't get logged phone. It working well last update kinda useless customer support even useless. I'll revise get working otherwise I'm demanding money back going one many competitors.","lemmatized_comment":"might a well be a charm bracelet . the app keep tell me my password be incorrect but i can log in on my computer with it . try restart my phone, password, uninstalling then reinstall the app and i still can't get log in on my phone . it be work well until the last update but now it's kinda useless and customer support be even more useless . i'll revise if they can get it work again but otherwise i'm demand my money back and go with one of their many competitor.","length_words":101,"stopwords_removal_lemmatization":"might well charm bracelet . the app keep tell password incorrect i log computer it . try restart phone, password, uninstalling reinstall app i still can't get log phone . it work well last update kinda useless customer support even useless . i'll revise get work otherwise i'm demand money back go one many competitor.","future":0,"past":3,"present_simple":11,"present_con":8,"sentiScore_pos":2,"sentiScore_neg":-3,"sentiScore":-3,"stemmed":null,"fee":null,"title":null,"dataSource":"Data542_Dataset","label":"Not_Feature"},{"id":891765,"reviewer":"Margaret Wingfield","date":"19-Feb-19","rating":4,"appId":"com.squareup.cash","reviewId":1467503,"comment":"so far ok. my 1st time using","stopwords_removal":"far ok. 1st time using","lemmatized_comment":"so far ok. my 1st time use","length_words":7,"stopwords_removal_lemmatization":"far ok. 1st time use","future":0,"past":0,"present_simple":0,"present_con":1,"sentiScore_pos":1,"sentiScore_neg":-1,"sentiScore":-1,"stemmed":null,"fee":null,"title":null,"dataSource":"Data542_Dataset","label":"Not_Feature"},{"id":244900,"reviewer":"A Google User","date":"01-Apr-19","rating":1,"appId":"com.tencent.ig","reviewId":372674,"comment":"It was trash can never load into the game so if u try it be ready because it might not let u play the game if they fix it this qhould be better but until then im never geting it again","stopwords_removal":"It trash never load game u try ready might let u play game fix qhould better im never geting","lemmatized_comment":"it be trash can never load into the game so if u try it be ready because it might not let u play the game if they fix it this qhould be good but until then im never get it again","length_words":41,"stopwords_removal_lemmatization":"it trash never load game u try ready might let u play game fix qhould good im never get","future":0,"past":1,"present_simple":7,"present_con":1,"sentiScore_pos":1,"sentiScore_neg":-2,"sentiScore":-2,"stemmed":null,"fee":null,"title":null,"dataSource":"Data542_Dataset","label":"Not_Feature"},{"id":118145,"reviewer":"Deepankar Yadav","date":"21-Nov-18","rating":1,"appId":"com.getsomeheadspace.android","reviewId":164748,"comment":"It's a crap thing.... Only to make money. Better spend time with family ... You'll feel happy, supported and all above you'll be satisfied.","stopwords_removal":"It's crap thing.... Only make money. Better spend time family ... You'll feel happy, supported satisfied.","lemmatized_comment":"it's a crap thing.... only to make money . good spend time with family...you'll feel happy, support and all above you'll be satisfy.","length_words":32,"stopwords_removal_lemmatization":"it's crap thing.... only make money . good spend time family...you'll feel happy, support satisfy.","future":0,"past":2,"present_simple":5,"present_con":0,"sentiScore_pos":2,"sentiScore_neg":-3,"sentiScore":-3,"stemmed":null,"fee":null,"title":null,"dataSource":"Data542_Dataset","label":"Not_Feature"},{"id":42318,"reviewer":"S.R.Gowtham Mariappa","date":"26-Mar-19","rating":5,"appId":"com.sec.android.app.shealth","reviewId":55735,"comment":"great app for counting steps everyday. set a target of 10k per day and saw the difference in my physic. helps me keep my weight in check!","stopwords_removal":"great app counting steps everyday. set target 10k per day saw difference physic. helps keep weight check!","lemmatized_comment":"great app for count step everyday . set a target of 10k per day and saw the difference in my physic . help me keep my weight in check!","length_words":30,"stopwords_removal_lemmatization":"great app count step everyday . set target 10k per day saw difference physic . help keep weight check!","future":0,"past":1,"present_simple":3,"present_con":1,"sentiScore_pos":3,"sentiScore_neg":-1,"sentiScore":3,"stemmed":null,"fee":null,"title":null,"dataSource":"Data542_Dataset","label":"Not_Feature"},{"id":222918,"reviewer":"Victoria Montgomery","date":"24-Mar-19","rating":5,"appId":"com.playgendary.tom","reviewId":331254,"comment":"this is fun weeee dont die by leah","stopwords_removal":"fun weeee dont die leah","lemmatized_comment":"this be fun weeee dont die by leah","length_words":8,"stopwords_removal_lemmatization":"fun weeee dont die leah","future":0,"past":0,"present_simple":2,"present_con":0,"sentiScore_pos":2,"sentiScore_neg":-3,"sentiScore":-3,"stemmed":null,"fee":null,"title":null,"dataSource":"Data542_Dataset","label":"Not_Feature"}]